group,date,rise,avg5,avg10,upswing,overbought,oversold
S&P 500,2026-10-09,33.8,29.4,27.9,1,0,0
Health Care,2026-10-09,50.0,42.8,43.1,1,0,0
Information Technology,2026-10-09,69.3,70.1,67.8,1,0,0
Consumer Discretionary,2026-10-09,27.7,24.2,21.6,1,0,1
Financials,2026-10-09,14.5,7.9,7.5,1,0,1
Consumer Staples,2026-10-09,24.2,17.5,16.8,1,0,1
Industrials,2026-10-09,30.9,30.6,27.8,1,0,0
Utilities,2026-10-09,22.6,13.9,10.3,1,0,1
Materials,2026-10-09,12.5,9.0,9.3,1,0,1
Real Estate,2026-10-09,3.3,3.3,3.6,0,0,1
Energy,2026-10-09,61.9,41.4,37.1,1,0,0
Communication Services,2026-10-09,27.3,20.3,20.3,1,0,1
