ticker,setup,score,close,open,chg1d,chg5d,chg1m,rsi,cci,atr_pct,relvol,from_hi,vs10,vs20,vs50,p150,p200,x1020,core,cross,days_since_cross,brk20,stack,sector,ob,blocked,has_setup
MET,Momentum,80.5,98.47000122070312,95.81999969482422,2.8085221086761036,4.366722642515031,2.9052134061749557,58.372359005859145,78.07252208397976,2.024253247797469,0.9073953876174875,-1.4807361407979447,2.101658009600893,2.1800608966698443,3.36371778876825,True,True,True,True,False,101.0,True,True,Financials,,False,True
BIIB,Pullback,70.5,218.42999267578125,220.3000030517578,-1.6745448223764225,-1.970206670916097,3.653963414965289,46.59996992197077,-52.54703115250169,2.673920126006062,1.1521081486631126,-4.486426890591233,-1.7354387131257365,-1.4343340946594951,0.7127208328007395,True,True,True,True,False,281.0,False,True,Health Care,,False,True
ETN,Pullback,70.5,424.510009765625,426.79998779296875,-1.5811506315241974,-2.9203231451976674,2.237370193538424,48.81080533350335,7.815799082887012,3.393250815857928,1.1974619580186443,-7.707188092013729,-1.7780856076526796,-0.9993818142999378,0.5230827688709194,True,True,True,True,False,157.0,False,True,Industrials,,False,True
HUM,Pullback,70.5,387.1199951171875,396.0299987792969,-2.368165851345816,1.9595455607162915,-3.224837320827856,48.33652149424845,-19.17797889749276,3.7880935585092574,2.0155845884829033,-5.5344054054094265,-1.145133992397518,-0.8606060374709901,0.5368922999368753,True,True,True,True,False,100.0,False,True,Health Care,,False,True
CVX,Momentum,68.5,211.5500030517578,209.32000732421875,3.119673090754649,2.148718888022594,-1.057010678940118,59.21366848608049,63.20335822653461,2.099939510716473,0.7982058324853801,-2.856224961506193,2.070106875652411,2.2438129577242227,4.407095670894323,True,True,True,True,False,304.0,False,True,Energy,,False,True
DELL,Momentum,68.5,574.5499877929688,568.7999877929688,-0.7617165283125171,6.056410482895869,7.3423611009750145,59.38682312033896,91.8977561126643,4.833928561083835,0.6472028972109563,-2.3538470507178944,2.4043855060892794,4.763566454869217,13.382343103352401,True,True,True,True,False,143.0,False,True,Information Technology,,False,True
EMR,Momentum,68.5,159.05999755859375,157.92999267578125,-0.10049218746556177,0.309005620068592,5.800187197759965,56.59541523069021,52.02194020537424,2.443784460926899,0.9214891177755665,-2.9082565679849015,0.26932642987962385,1.4964647365019568,3.537720124736099,True,True,True,True,False,52.0,False,False,Industrials,,False,True
EXPD,Momentum,68.5,193.7100067138672,191.00999450683594,1.498559349691786,3.179930247163276,2.867616815508267,58.23430276571097,91.58591863338131,2.0316597694062253,0.8834961854016423,-0.2112035924340505,1.5342427513464596,2.0975314325509586,4.4254251986673765,True,True,True,True,False,319.0,False,True,Industrials,,False,True
JCI,Momentum,68.5,154.0,154.83999633789062,-1.2377302420543357,1.4693257328607157,6.563029183307889,59.69127545638317,78.45785129947639,2.403604273540801,0.8352848962043536,-2.9982329752669346,0.6418338986434291,2.6573186600829413,4.899380259277497,True,True,True,True,False,352.0,False,True,Industrials,,False,True
SWKS,Pullback,66.5,80.75,81.44000244140625,-3.212274116472136,-2.8980321740984416,5.500390689985735,47.56190682791777,-164.15979698891795,5.686072754569747,0.8195864802125102,-11.700379776172165,-4.015450736407344,-3.2762529786444894,3.359633268792206,True,True,True,True,False,99.0,False,True,Information Technology,,False,True
MRK,Pullback,64.5,142.3800048828125,141.89999389648438,-0.28712684543569233,-0.9943624922172822,-2.921141639590541,44.96456164981453,-108.89880413275213,2.4072380578450656,0.8391786651640569,-8.456088233620529,-1.0912113910640175,-1.7076724769856666,0.5613955722610919,True,True,False,False,False,257.0,False,False,Health Care,,False,True
FCX,Pullback,61.5,71.13999938964844,70.5999984741211,-1.0019499228885453,2.684758434071144,-6.677166132936019,48.387276003933074,-7.191239465365769,3.697101576764249,0.8361470736073553,-10.97485154617679,-0.6998735496100195,-0.8156869648722087,0.8507708202017294,True,True,False,False,False,211.0,False,False,Materials,,False,True
CRM,Pullback,57.5,227.8000030517578,225.4600067138672,1.4428239795107212,-3.7559674248806463,-6.536386110983983,46.92373858554187,-101.78543565249453,3.7063046433058626,0.5696588077234975,-13.848188250447379,-1.0612257171751072,-1.9788252714301846,2.2763187264761786,True,True,False,False,False,33.0,False,False,Information Technology,,False,True
IQV,Pullback,57.5,258.8800048828125,256.010009765625,0.2983300046300652,-0.7057365485101608,0.7393547417139157,46.75365011051711,-154.68850775692422,2.9169246248657554,0.6087132014603973,-5.868658561417151,-1.4731217581989253,-1.679275575598127,2.5247228443461722,True,True,False,False,False,57.0,False,False,Health Care,,False,True
EL,Pullback,56.5,94.31999969482422,94.0,-0.13763605888649222,4.5792184739113395,-4.505413687846449,48.679544857932896,-36.595923032327754,3.2146211263304103,1.3494856026397286,-20.320710995889357,0.33882864830931947,-0.4883123440014736,0.7789869705351338,True,True,False,False,False,31.0,False,False,Consumer Staples,,False,True
PFE,Pullback,56.5,27.81999969482422,27.899999618530273,-0.6428582327706489,-1.0668603679080069,0.14398490709159883,49.307369239982265,-32.81641144805961,1.9222531549385709,1.3238716079977206,-4.135081819471232,-0.4304219247254326,-0.4623385942344682,1.471916208147972,True,True,False,False,False,35.0,False,False,Health Care,,False,True
WDAY,Pullback,52.5,187.80999755859375,184.0800018310547,1.9266271342617047,0.567602441014059,0.9459792947954515,49.39764510081531,-79.60118048505356,3.8484074840743863,0.996473272793913,-23.55191966524203,-0.018252040586919094,-0.5386012454596467,2.855715182685392,True,True,False,False,False,44.0,False,False,Information Technology,,False,True
PLTR,Overbought,82.5,198.77999877929688,199.0,2.400578909604967,4.5990348357909605,17.25358356079456,69.96564006677684,132.79487990773478,3.175668253088159,1.8178818168523585,-4.0544426071245425,4.140081779329918,6.660060270045864,13.997947290581614,True,True,True,True,False,38.0,True,False,Information Technology,CCI 133 is over 100,True,False
PG,Overbought,82.0,150.58999633789062,147.74000549316406,1.8738931649464385,4.6127124212693715,5.57346956131517,60.84557436223897,158.2145297954823,1.646064975807697,1.221147186104473,-8.578602700586135,2.156027960129081,2.556032870144276,2.9247395988614144,True,True,True,True,True,8.0,True,False,Consumer Staples,CCI 158 is over 100,True,False
ABBV,Overbought,80.5,272.4200134277344,270.9800109863281,0.39063536755374884,4.805147964410672,8.57279879306514,67.0546657951225,193.17217874385352,2.1201588757130523,0.9623616061464718,0.0,2.1971868110720383,3.0787933989962157,5.398212560874005,True,True,True,True,False,74.0,True,True,Health Care,CCI 193 is over 100,True,False
PM,Overbought,79.5,200.5,194.83999633789062,4.05314103463601,7.460605655663821,8.88985937925999,68.00616548366963,283.8977137379034,2.3262674283194547,1.2022775836198634,0.0,4.5416419248133,5.349422909881585,6.596872012970545,True,True,True,True,False,178.0,True,True,Consumer Staples,CCI 284 is over 100,True,False
MO,Overbought,78.5,71.41999816894531,70.0,2.940330060948293,6.6766264741711545,6.879746552899535,66.27876300487485,192.47781265506325,1.9873714669498963,1.456062374500322,-3.14914504553494,3.607112282163527,4.090234186514219,4.513133538195557,True,True,True,True,False,168.0,True,True,Consumer Staples,CCI 192 is over 100,True,False
PSX,Overbought,75.5,281.6000061035156,274.8900146484375,3.674254902339702,6.573816143120204,7.983743930392118,74.7763945102175,186.76464277205557,3.0424812884071084,0.7407687687090047,0.0,5.270800014660848,7.346798566049939,14.550872869758468,True,True,True,True,False,320.0,True,True,Energy,RSI 75 is over 70 and CCI 187 is over 100,True,False
CAH,Overbought,74.5,238.9600067138672,231.5,2.9290157410811757,3.855017826568541,-0.2018905741744681,62.197893042303676,127.56468064140078,2.4863837884230757,0.8085371990189094,-3.6581520161032333,3.5841533811632242,3.9302224324413437,3.9330451773891495,True,True,True,True,False,75.0,True,True,Health Care,CCI 128 is over 100,True,False
ECL,Overbought,74.5,281.69000244140625,276.5199890136719,1.2909012078749615,3.8450166999525637,3.7575272789567293,56.941627229269365,135.47597987855846,1.923365553404235,0.8168310869466773,-7.907531376119437,1.4706266737177343,1.6940533994193485,1.8948916312770958,True,True,True,True,False,45.0,True,False,Materials,CCI 135 is over 100,True,False
HAS,Overbought,74.5,92.5,90.68000030517578,1.9283746556473913,2.800618525285059,3.9676281115700984,58.065464417821815,115.41831588213785,2.522328949916195,0.6760299491811081,-10.699336352506405,2.3424718345025797,2.6434978391781216,2.718852783971415,True,True,True,True,False,30.0,True,False,Consumer Discretionary,CCI 115 is over 100,True,False
CBOE,Overbought,72.0,294.0799865722656,280.1700134277344,4.44293743034998,6.093287630180555,0.757183503631742,60.57531881116985,188.73899076392053,3.933355971031263,1.5551518820859573,-19.412325605744797,5.8394574808744215,6.004452265083837,4.389438416750813,True,True,True,True,False,,True,False,Financials,CCI 189 is over 100,True,False
HCA,Overbought,71.0,445.010009765625,436.95001220703125,1.3297803036025346,5.106401749965617,5.689621707076409,62.97173493121586,195.02105843695202,2.6762798740629283,0.7801220158175451,-17.92995170604714,2.5536187188850645,3.560415394573524,5.734002308850905,True,True,True,True,False,,True,False,Health Care,CCI 195 is over 100,True,False
VLO,Overbought,70.5,443.79998779296875,429.9200134277344,4.645126481003792,8.652009273171934,14.102062955262706,77.12540496148966,205.98480669575775,3.5222268115804756,0.6726777066446299,0.0,7.418026022053126,10.95130882045774,20.458465290805417,True,True,True,True,False,329.0,True,True,Energy,RSI 77 is over 70 and CCI 206 is over 100,True,False
AAPL,Overbought,68.5,340.4200134277344,336.8299865722656,1.1138503134924926,3.0576428552818946,7.953325737649286,61.23257140137565,102.69886240951828,1.9144328819048615,0.8980491762812398,-0.19057492084506578,1.5350154918810643,2.2479569808975253,4.636260514822599,True,True,True,True,False,109.0,False,True,Information Technology,CCI 103 is over 100,True,False
ANET,Overbought,68.5,210.97000122070312,213.4949951171875,-2.251772491831705,3.168856938465714,9.350546431232232,60.03999682836123,129.8676862962184,3.3265997011110007,0.9687255230978481,-2.251772491831705,1.1384187628030729,3.0739144938881857,7.711473812109149,True,True,True,True,False,121.0,False,True,Information Technology,CCI 130 is over 100,True,False
FTNT,Overbought,68.5,189.10000610351562,189.5500030517578,-0.09509334157969951,5.807970463246659,20.277321355607825,68.60804561252327,148.53172397925522,3.1927366500940293,0.7308459509726263,-1.134520897408564,3.218573491804122,6.390577922606222,12.655067375283746,True,True,True,True,False,114.0,False,True,Information Technology,CCI 149 is over 100,True,False
HPE,Overbought,68.5,71.0,70.44999694824219,-1.5119938871708927,9.94115513613707,20.848184055828444,68.44738354583768,143.30256745418205,4.966678570911302,0.7329035076673397,-1.5119938871708927,5.249047591600564,10.702172515590625,21.930874325608695,True,True,True,True,False,125.0,False,True,Information Technology,CCI 143 is over 100,True,False
MSFT,Overbought,68.5,522.6099853515625,529.3900146484375,-1.3496723577201997,1.91302609050652,6.297160955847936,61.75513694156006,106.70998001177985,2.2242326459339137,0.8840141983384258,-2.7967039316828424,0.7856231215056741,2.2711813487987786,6.757227202804406,True,True,True,True,False,45.0,False,False,Information Technology,CCI 107 is over 100,True,False
V,Overbought,68.5,375.1000061035156,371.3999938964844,0.8062348698713695,4.237876821270126,2.098584922743729,58.88124450109309,132.16034468782937,1.618464817650856,1.0360597854129312,-2.3533108242303924,1.7446750343509176,1.8247578299517286,2.637883039343669,True,True,True,True,False,72.0,False,True,Financials,CCI 132 is over 100,True,False
XOM,Overbought,68.5,168.5,167.11000061035156,2.712585715001925,2.856789443623331,2.6000148471932993,63.54754019193701,168.94006528196905,2.1312180417285456,0.9902968617935242,-0.4842944063004784,2.5783949451494648,3.1899742632472305,5.19106567000962,True,True,True,True,False,318.0,False,True,Energy,CCI 169 is over 100,True,False
KMI,Overbought,68.0,32.25,32.25,1.3513523233808389,5.63380044110795,2.6743080441533396,59.65208602591663,152.22374268273387,2.2871550914125347,1.2875616304974167,-5.125503444051649,2.513399091468038,2.907705279849826,2.582436871929583,True,True,True,True,False,,True,False,Energy,CCI 152 is over 100,True,False
WRB,Overbought,67.5,72.05000305175781,70.01000213623047,3.3271182893088502,4.571845364467464,3.2085368636499245,65.94417517748971,144.7449080351091,1.941872801913322,0.602244062722751,-5.607484762492387,3.5930011929748984,4.034949536868648,3.79903171876399,True,True,True,True,False,67.0,True,False,Financials,CCI 145 is over 100,True,False
AIG,Overbought,64.0,77.05000305175781,75.72000122070312,1.8371653745300476,2.147690229388566,3.3725174049829665,58.75132436680009,219.00757345278777,1.8806803100472342,0.760445834383437,-9.300892603833033,2.152600786165637,2.2987370794925965,1.7744248044172295,True,True,True,True,False,,True,False,Financials,CCI 219 is over 100,True,False
NTAP,Overbought,63.5,231.0500030517578,233.91000366210938,-2.001951535466995,7.44013009669624,25.06766059412473,71.80565526193298,137.7725304859965,3.656207459090948,0.8548874734297806,-2.001951535466995,4.865267822723784,9.593430033413375,17.78434176128978,True,True,True,True,False,103.0,False,True,Information Technology,RSI 72 is over 70 and CCI 138 is over 100,True,False
PTC,Overbought,56.0,193.72999572753906,193.8000030517578,0.06714339872175845,32.265989016838944,50.306460272276276,80.83774450653536,167.90202608312788,3.5578540745654688,1.5730889626931175,-5.896925087474736,14.19991021831053,22.90173045583699,31.38894087362074,True,True,True,True,True,7.0,True,False,Information Technology,RSI 81 is over 70 and CCI 168 is over 100,False,False
TEL,Uptrend,56.0,214.30999755859375,212.86000061035156,-0.7042599543926054,-1.5843116436769944,4.70490777184398,52.80352185175118,14.790564757552675,2.651609934020351,0.7986909096511197,-12.995865559507337,-0.5992171718403494,0.43648956203883316,1.9390774640711594,True,True,True,True,True,6.0,False,False,Information Technology,,False,False
A,Uptrend,52.5,168.1699981689453,167.47999572753906,-0.5440878756108658,1.044357721514011,16.352829444098283,59.593148603891464,26.216662150550622,3.06505017330078,1.052852179152678,-3.8749396121519286,-0.12819744662753152,2.0242412400981236,7.980078074457331,True,True,True,True,False,65.0,False,True,Health Care,,False,False
ACN,Overbought,52.5,208.36000061035156,197.72999572753906,5.96013082642437,-1.8558654662127805,18.52104493366116,63.13019723037539,114.01138614981807,4.520419693937951,1.6208248822773879,-26.30014569330399,6.995682192485986,9.47673233397679,14.341276449775231,True,True,True,True,False,15.0,False,False,Information Technology,CCI 114 is over 100,False,False
ADI,Uptrend,52.5,405.92999267578125,404.31500244140625,-1.0119962037584251,0.32871639945684095,11.192369828199755,60.397635537487886,68.44661124030539,2.7446603878002067,1.1583609749355708,-8.600441045439721,0.2524028834627323,2.7467498958953174,5.350295936428462,True,True,True,True,False,335.0,False,True,Information Technology,,False,False
AES,Overbought,52.5,14.930000305175781,14.918000221252441,0.0,0.06702566240415209,0.7422443496404307,70.0027058240085,131.6091809913268,0.3214431084481123,1.4958037404389124,-11.485155120523649,0.19312865841876192,0.41399956548531236,0.9829467168990691,True,True,True,True,False,311.0,False,False,Utilities,RSI 70.0 is over 70 and CCI 132 is over 100,False,False
AMAT,Uptrend,52.5,509.57000732421875,509.93499755859375,-2.1281122770162475,-3.7275611040571643,8.685080663454814,55.56248787075125,59.27749829010692,3.7231481130992976,1.0632049184122274,-29.44469013255242,-0.5547207474053129,2.3565912402050193,3.1743534787335825,True,True,True,True,False,325.0,False,True,Information Technology,,False,False
AMD,Uptrend,52.5,620.6799926757812,639.2000122070312,-3.8986766864144706,0.8039258057992882,19.109580072014687,61.28532911098036,53.16987811105798,3.878808822692923,1.043360262339885,-4.425485970663612,-0.26242129806781644,4.11300402504966,13.074760643950523,True,True,True,True,False,126.0,False,True,Information Technology,,False,False
AME,Uptrend,52.5,247.52000427246094,246.3699951171875,-0.4424386076462117,-0.6302910949904206,4.914168654217499,53.31189468907375,30.809482234840218,2.028834561848106,0.8232566363478725,-4.115456038026888,-0.5553429279455124,0.4053866630181924,1.79950758033538,True,True,True,True,False,313.0,False,True,Industrials,,False,False
AMGN,Uptrend,52.5,407.44000244140625,410.010009765625,-1.3653491609845192,0.04174464908306419,4.132699640086468,50.494421413380806,33.13193248494612,2.5698563658823907,0.7696662988827342,-8.259027532886176,-0.07421575809151149,0.0896921169892595,1.3825537468871607,True,True,True,True,False,73.0,False,True,Health Care,,False,False
APA,Overbought,52.5,45.470001220703125,45.18000030517578,3.7890887819604924,4.914630965888556,1.4049979169745264,60.20923179512907,105.0319263008786,3.521512843216492,1.1771626187424076,-4.091960837276565,3.6724429772336142,4.269346863621637,8.044935316751456,True,True,True,True,False,288.0,False,True,Energy,CCI 105 is over 100,False,False
APH,Uptrend,52.5,85.31999969482422,86.2300033569336,-2.547119679270893,-0.4085426422338445,5.055732865528095,55.6720292526392,57.41816601901397,3.1484099315143066,1.0589700180589192,-3.7237677155060656,-0.37826394790003715,1.452415542466312,4.219940521828991,True,True,True,True,False,84.0,False,True,Information Technology,,False,False
BE,Uptrend,52.5,272.82000732421875,283.8299865722656,-6.340760300350201,-1.7148135594450165,1.3146199350005494,51.54221590217757,-18.852052292512113,7.246093442911325,0.920756880973362,-21.11609006519387,-3.1869044866101315,-0.3722439297328961,6.061591128447241,True,True,True,True,False,312.0,False,True,Industrials,,False,False
CRL,Uptrend,52.5,298.0,297.010009765625,-0.7658967320885779,3.8942976504027893,7.059455169969264,56.732600905845594,51.786976292131484,4.012878212053318,1.078460143819428,-4.109144854753033,0.5299612983172608,2.189393980682852,7.787550751900407,True,True,True,True,False,71.0,False,True,Health Care,,False,False
CRWD,Uptrend,52.5,263.010009765625,264.6239929199219,-0.9154583534626282,-1.1574980700719606,26.568819010130508,59.57806158466601,59.789169954134,4.355904362002294,0.8810107363076557,-5.683847241817508,-0.42862633024347563,3.519032177935588,13.798916536675243,True,True,True,True,False,100.0,False,True,Information Technology,,False,False
CSCO,Overbought,52.5,114.88999938964844,116.65499877929688,-2.1296533035167986,6.045777351403037,5.396505932780915,59.48598541487722,147.66606133524795,2.3604262729926972,0.6678643134573337,-10.948571101467286,2.1310611193328333,3.4759055590146692,3.508032248483728,True,True,True,True,False,352.0,False,True,Information Technology,CCI 148 is over 100,False,False
DDOG,Uptrend,52.5,273.79998779296875,271.75,0.9066084942430663,-0.9621658628104268,21.543029520171487,64.75901369984265,68.50556801447033,4.0725183638631925,0.9805968275338858,-4.980047339050353,1.5280746727676542,5.251450715581618,10.210328627321141,True,True,True,True,False,103.0,False,True,Information Technology,,False,False
DHR,Uptrend,52.5,217.4600067138672,217.39999389648438,-0.47141688562458706,2.6917323171951946,6.343854700663365,52.99070550541269,1.289214213043182,3.02809375030645,1.1379066474844293,-9.62088351793835,-0.21060094896329096,0.5337689684157487,3.445536827697304,True,True,True,True,False,36.0,False,False,Health Care,,False,False
DVN,Uptrend,52.5,48.91999816894531,49.060001373291016,2.1720908054086108,3.731972704045261,0.5243473642162044,56.919838231871864,53.41465489332641,2.9637762849063627,0.9307887389828281,-4.7685230841251425,2.1775056749316013,2.311820773318085,3.886750353351043,True,True,True,True,False,35.0,False,True,Energy,,False,False
EBAY,Overbought,52.5,111.9800033569336,108.19000244140625,4.070636565915886,5.751255078277495,8.182785282484751,62.31079109679506,106.64915566095684,2.8501341650558296,0.650540025867159,-5.319555401741116,3.671817433523472,4.03859701223801,4.176879486247054,True,True,True,True,False,142.0,False,True,Consumer Discretionary,CCI 107 is over 100,False,False
EOG,Overbought,52.5,148.50999450683594,147.08999633789062,2.9817541035834783,5.095178736562311,1.0203387905917127,59.64383534023508,100.2307391421505,2.4527906034422102,0.8923345857766657,-3.4018542991145373,3.3345765590835352,3.3957537952101546,3.7188221353834816,True,True,True,True,False,161.0,False,True,Energy,CCI 100.2 is over 100,False,False
FAST,Uptrend,52.5,50.4900016784668,49.7400016784668,1.324502956371143,0.5176232104319389,3.484322055830158,53.944781716748885,37.237658018356406,1.961280173002179,0.9722787913305084,-3.608246183864472,0.3785400961018537,0.724557734564768,1.9556481233569123,True,True,True,True,False,155.0,False,True,Industrials,,False,False
GDDY,Uptrend,52.5,103.19000244140625,97.19999694824219,6.151634001906681,6.403380974959183,10.245730901306205,57.59592351177481,85.6248493266299,4.291578014420743,0.6938513395673614,-23.732446331186086,4.680104726122747,5.088329000160763,6.942972335991682,True,True,True,True,False,41.0,False,False,Information Technology,,False,False
HPQ,Uptrend,52.5,32.439998626708984,32.04999923706055,0.6203378964951156,0.9020127124928612,0.15436627972436057,54.67482410620545,-15.72291950005249,3.914437649815717,0.667555057195947,-8.568210131762955,1.4306523529287407,1.713663040713742,6.4861817731482585,True,True,True,True,False,91.0,False,True,Information Technology,,False,False
ILMN,Uptrend,52.5,264.57000732421875,264.3399963378906,-1.1913662701904304,-0.43278409272969887,29.058540158155477,57.65826271220036,24.815589483631566,5.325074125385443,0.6924167158871188,-9.915214980120812,-1.293563241870177,3.0108990551977133,14.215205691571754,True,True,True,True,False,294.0,False,True,Health Care,,False,False
KEYS,Uptrend,52.5,374.6700134277344,376.20001220703125,-1.76970262764643,0.21130002530342917,13.18993455606472,63.02739839436712,74.2911133980925,2.816440100893794,1.258665933034367,-3.443028990952157,0.6456448889382127,3.936472033598304,8.475901785721152,True,True,True,True,False,314.0,False,True,Information Technology,,False,False
KLAC,Uptrend,52.5,196.72000122070312,192.65499877929688,-0.0558860993386423,-1.80202694421977,7.550159795581779,55.9431476973087,65.27468231540662,4.052412270082943,1.1019668218869205,-34.72461667127919,0.26422319245804626,2.463692264818307,2.488790968285093,True,True,True,True,False,352.0,False,True,Information Technology,,False,False
LITE,Uptrend,52.5,1048.5999755859375,1067.574951171875,-5.622505667782008,0.2696500420799275,6.028432960688357,58.05543490943266,88.90003338206236,6.188791419701655,1.0334651274987876,-7.481916975603065,0.5330809621632904,5.10983918351926,12.592856181289559,True,True,True,True,False,326.0,False,True,Information Technology,,False,False
LLY,Uptrend,52.5,1169.5999755859375,1183.5,-1.6084524184344362,1.7176153776005343,4.037503333504167,51.602074461859054,16.021411036300023,2.9819975947222015,1.3399446858914632,-8.649264507136124,0.46351535064808047,0.5390390166553072,0.5892455666632213,True,True,True,True,False,88.0,False,True,Health Care,,False,False
LRCX,Uptrend,52.5,320.5899963378906,320.760009765625,-2.707053856749009,-5.736550842544464,1.6117581125703273,52.14169985310971,45.48495132621425,4.28579362162454,0.9587179690349087,-25.93852959425742,-1.8504912248941907,0.5033923673776197,2.1202223174474844,True,True,True,True,False,348.0,False,True,Information Technology,,False,False
META,Uptrend,52.5,720.8900146484375,724.5399780273438,-0.058225022747193655,-0.6942787979824838,10.367140050222346,57.55303894296809,7.781340756239251,3.172667420370405,0.725591666809791,-7.291761757326409,-0.7197729519926033,1.8606765708354844,8.610367254842565,True,True,True,True,False,14.0,False,False,Communication Services,,False,False
MPC,Overbought,52.5,463.3399963378906,449.45001220703125,4.766423847237955,10.279662755879349,15.997394729101488,79.6382918638522,213.99502353205295,3.382363120254126,0.9097238423588945,0.0,8.563946647846233,12.386430206396737,22.26371319977545,True,True,True,True,False,169.0,True,True,Energy,RSI 80 is over 70 and CCI 214 is over 100,False,False
MRNA,Uptrend,52.5,197.0,196.42999267578125,0.26466016071275966,4.265903172671592,45.269522242714544,63.85703733266551,65.21553382442045,7.212459218437102,2.2017437320148487,-3.1750744621532045,2.894249698267526,9.684572785930623,35.20862055842884,True,True,True,True,False,200.0,False,True,Health Care,,False,False
MRVL,Uptrend,52.5,274.6600036621094,277.6000061035156,-3.519737695470415,2.4544976945043206,16.871626774205172,61.230156805307374,84.42954251007836,5.271784130431284,1.4794131269814346,-13.178978144494513,1.47253148340738,5.73516401941867,13.252317413861391,True,True,True,True,False,149.0,False,True,Information Technology,,False,False
MU,Uptrend,52.5,1035.8399658203125,1077.3800048828125,-4.794120788574219,-5.608766984073876,0.7851898903164178,51.21364013790223,25.70459726883062,4.502928716286993,1.1409051299303985,-14.631394206513004,-2.157327284789179,-0.4546768047466343,4.323697879669375,True,True,True,True,False,334.0,False,True,Information Technology,,False,False
NOW,Uptrend,52.5,139.75,139.25,1.3636069844018772,1.4445452762161137,6.589885858765143,56.35738288016724,57.878982343121294,4.076403557934285,1.0640318887003997,-26.158998169183924,2.0811381574664445,2.671270252073077,7.148627252809847,True,True,True,True,False,42.0,False,False,Information Technology,,False,False
NVDA,Uptrend,52.5,230.47999572753906,234.92999267578125,-2.9435320070881676,-0.16460403786183742,3.1599667068545667,54.53071536213856,59.95968506335365,2.4944428376628536,1.0796865079299658,-3.6615990488577776,-0.7502422776430984,0.827100674582204,3.887280010853944,True,True,True,True,False,119.0,False,True,Information Technology,,False,False
P,Overbought,52.5,150.57000732421875,151.8249969482422,-1.3690529855590272,12.256767198189289,55.13085834699487,79.61975525426024,124.62667212963389,4.307809562434193,0.7010613352525328,-1.3690529855590272,8.623335839069224,18.19491574133776,35.97381478651174,True,True,True,True,False,94.0,False,True,Information Technology,RSI 80 is over 70 and CCI 125 is over 100,False,False
PANW,Uptrend,52.5,398.5,403.69000244140625,-1.7432273581726832,0.5678233438485725,18.91972328908269,56.8093047596194,76.89805166509974,4.282156182683012,0.7164044419630328,-5.098712456333255,0.020715619393363305,2.753726306579818,8.790978932952708,True,True,True,True,False,100.0,False,True,Information Technology,,False,False
RVTY,Uptrend,52.5,152.16000366210938,152.0399932861328,-0.937501552204234,2.0797035786191076,22.85830079675275,63.70011116100847,43.90532823311067,3.8775360094998357,0.6189907676097329,-3.3045227046727077,0.5666523398550671,3.9152978365090574,13.15671468234132,True,True,True,True,False,75.0,False,True,Health Care,,False,False
SMCI,Uptrend,52.5,42.77000045776367,44.03499984741211,-4.828656509249707,2.0276773042610774,9.863858521669112,56.959085073368215,72.7081900021011,5.419550856465192,1.0351801161667011,-27.11315569984547,0.22855345649925862,3.3132015624488753,11.475855866627116,True,True,True,True,False,40.0,False,True,Information Technology,,False,False
TECH,Uptrend,52.5,72.44999694824219,72.55000305175781,-0.11030171294794666,0.06905444932263638,0.27681238511030326,54.98068204153625,30.324511836462058,0.2624885033255217,1.6309049676326846,-0.2203603646390384,-0.02489460204888605,0.04064543877229099,1.6264698367046693,True,True,True,True,False,67.0,False,False,Health Care,,False,False
TER,Uptrend,52.5,398.7200012207031,404.42999267578125,-3.171595900070312,-4.105439518365561,3.9172244998987527,51.41189311119832,26.825041480373013,5.169741368263562,1.3278317444757115,-17.56093571955394,-3.0943727863233517,-0.20279510915551802,3.5198755307767504,True,True,True,True,False,291.0,False,True,Information Technology,,False,False
TMO,Uptrend,52.5,651.97998046875,657.530029296875,-1.522523204394577,-0.08122929747320651,7.725031726425824,52.14080641927513,-36.34230456138004,2.905633139428629,1.072920065754916,-4.065567822479754,-1.3443544367255034,-0.28733588253067044,4.634602193270387,True,True,True,True,False,49.0,False,False,Health Care,,False,False
TWLO,Uptrend,52.5,275.7699890136719,273.8599853515625,1.014647990355999,-8.464168662628657,21.38297726582168,54.16803780645911,15.859024114916316,5.245923417553368,0.40548437800314485,-8.464168662628657,-2.289200344668574,0.9144809933987696,10.294584948740715,True,True,True,True,False,235.0,False,True,Information Technology,,False,False
TXN,Uptrend,52.5,288.20001220703125,285.4599914550781,-0.26991444032222756,2.449260498465722,10.172413410935244,60.8128329159169,78.69733820600564,2.7929272455217613,1.0178539782030107,-12.821832662570243,0.8172855438325577,3.0293283838182417,4.474118421976048,True,True,True,True,False,175.0,False,True,Information Technology,,False,False
VEEV,Uptrend,52.5,284.8399963378906,282.1300048828125,0.8283172877489031,1.0321724320604186,9.217795118919092,62.937205977967324,79.53607239885523,3.087495585604897,0.6107092767123303,-5.619613035475823,1.7081086128292622,3.615578609493264,11.321552350460372,True,True,True,True,False,48.0,False,False,Health Care,,False,False
VLTO,Uptrend,52.5,96.4800033569336,95.5999984741211,0.7834534353911904,1.9873202041613025,1.9952992477038078,53.109723373679344,21.88251781123827,1.8735502192102162,1.33578027397932,-7.482355306416033,0.6444142815549059,0.6628656532199129,1.2165409511544878,True,True,True,True,False,45.0,False,False,Industrials,,False,False
VTRS,Uptrend,52.5,17.440000534057617,17.260000228881836,-0.2858732859626012,-0.11453924091453516,5.69697293368252,53.92049754462405,-8.160835621804459,2.681568284872848,1.4885474731662376,-4.542966080514543,-0.4867193229788236,0.414927048414393,2.586439495098425,True,True,True,True,False,289.0,False,True,Health Care,,False,False
WSM,Overbought,52.5,239.0,236.0800018310547,-0.6071723667564033,2.403702225897675,5.045708294639217,58.738548780927985,123.8458909584562,2.8923016432246604,1.1692221749874598,-5.0758594174509675,1.47856634836534,2.6184606763218765,3.707887522444153,True,True,True,True,False,85.0,False,True,Consumer Discretionary,CCI 124 is over 100,False,False
CDNS,Uptrend,49.0,348.8399963378906,354.0400085449219,-2.044254430841852,-0.538880218183313,22.572027005160855,64.40974561074482,90.96169325429817,3.284979831136202,0.6216588581572601,-16.222775747295493,2.067771537391261,5.83199386822062,6.893789112438875,True,True,True,True,False,,False,False,Information Technology,,False,False
SNPS,Overbought,49.0,497.75,501.4700012207031,-0.978775995445702,1.4698070146133446,26.583082868317053,72.31923685189341,120.75421358190115,3.7827240132479476,1.3561778378379792,-6.886036689372544,5.371484409691196,10.95709406048364,15.83441227654896,True,True,True,True,False,,False,False,Information Technology,RSI 72 is over 70 and CCI 121 is over 100,False,False
TT,Overbought,49.0,469.94000244140625,463.760009765625,0.5714070003447702,2.3968274592503835,5.8018299828033415,62.08153043036508,105.42685849786923,2.3755759914139665,0.8455958847970986,-6.437252023532936,1.7745892506306538,3.28475602284819,3.3921093233277633,True,True,True,True,False,,False,False,Industrials,CCI 105 is over 100,False,False
VST,Overbought,49.0,156.13999938964844,165.80999755859375,-6.345970341644214,11.728085430875446,3.50476958060848,60.65196487564294,198.90234315103098,4.523181207341518,1.6540964424003999,-25.517179584491945,4.227240471232707,6.722589159134351,7.050475808118661,True,True,True,True,False,,False,False,Utilities,CCI 199 is over 100,False,False
AMZN,Uptrend,45.5,254.05999755859375,259.7200012207031,-2.254545847340028,2.348629066349339,0.6576876791804409,50.815958617059835,90.16905100964381,2.237103410574472,1.0135360659905677,-10.54855031827916,0.3715943692950585,0.4155423649906842,0.13885765194747712,True,True,True,True,False,117.0,False,False,Consumer Discretionary,,False,False
HST,Uptrend,45.5,22.540000915527344,22.200000762939453,1.3489260229164746,0.13327714944673108,3.188288764921765,55.032672196884974,77.3901584369323,1.9234872509831173,0.7190920304958337,-10.95262652954132,0.787614180111329,1.1206847536051612,0.5249344937054756,True,True,True,True,False,310.0,False,False,Real Estate,,False,False
PGR,Uptrend,45.5,218.72999572753906,215.30999755859375,2.152998652848148,3.683157359873701,1.5478250335873023,58.86633044245478,91.29869632049206,2.0282921867772323,0.8992962108438761,-6.671969367689035,2.891250348028085,2.9138193950902336,2.5665629338450513,True,True,True,True,False,69.0,False,False,Financials,,False,False
CEG,Overbought,42.0,285.07000732421875,297.25,-4.846620111205446,10.099641796821924,-3.0060704961716644,56.83283193482217,149.11828934284992,4.9455576611810805,1.5777912176784799,-29.03488712457317,3.053659029767175,4.414611495656451,4.872336618475281,True,False,True,True,False,,False,False,Utilities,CCI 149 is over 100,False,False
GEV,Overbought,42.0,999.3499755859375,985.9099731445312,0.22665443135521102,1.2051205865407644,5.079702081378201,57.1154498489398,118.66486958816367,3.971833843579558,1.022958483884211,-14.938802236345271,1.4815874839908538,2.9525193560361096,2.789984516130728,True,True,True,True,False,,False,False,Industrials,CCI 119 is over 100,False,False
GOOG,Uptrend,42.0,344.8599853515625,350.1449890136719,-0.7225752946158237,2.9647964926788895,5.018570017571911,53.32335840077651,98.41936530940872,2.4140902406147444,0.8019896203124396,-13.469439637349346,0.6379554584795333,0.9479719128884678,0.61861900916651,True,True,True,True,False,,False,False,Communication Services,,False,False
GOOGL,Uptrend,42.0,348.2900085449219,353.6499938964844,-0.6305253794802068,2.971268507778446,5.334950846531705,53.503781254368896,90.04196058977251,2.451827315592803,0.8773351537976362,-13.386804457289669,0.6877294814200408,0.9936122901418987,0.7625585002430935,True,True,True,True,False,,False,False,Communication Services,,False,False
HLT,Overbought,42.0,323.2900085449219,320.0199890136719,0.8610768964328441,2.488589285683185,5.309625339283031,57.80928012998852,102.29932703720385,1.923905128566578,0.7201978673469407,-7.647418407073414,1.4739207111980068,2.1386899828472306,1.7154960647956408,True,True,True,True,False,,False,False,Consumer Discretionary,CCI 102 is over 100,False,False
MAR,Uptrend,42.0,361.0799865722656,355.1700134277344,1.284708715923033,1.7728734958293968,8.916505350564163,59.381448870750724,82.54377868058052,1.9677309207373623,0.6707199903476476,-10.117315218844581,1.329917184087126,2.389831718730684,2.3231269804755206,True,True,True,True,False,,False,False,Consumer Discretionary,,False,False
TRMB,Overbought,42.0,59.849998474121094,59.41999816894531,-0.349655168778118,4.032678157572134,4.26828725281061,57.30972115413311,104.30948513676637,2.7830282424169273,0.7596759188667861,-28.340516188119757,1.5232856797908756,2.120187987377653,3.1522176985775863,True,False,True,True,False,,False,False,Information Technology,CCI 104 is over 100,False,False
ADSK,Overbought,35.0,233.60000610351562,232.55999755859375,-0.6168887170458381,10.548487436682263,13.057792868026175,58.64371537669908,151.33387683768925,3.5283996544564578,1.0180063863515532,-25.493570945996257,4.871857016952563,5.218199804190138,3.485377725254901,True,False,True,True,False,,False,False,Information Technology,CCI 151 is over 100,False,False
CCL,Overbought,35.0,26.1299991607666,25.610000610351562,-0.07648358721007442,4.2281590699868365,15.11012459271386,62.915675178600075,100.89059405383207,3.354866264661009,0.8701438768756832,-21.8890956062333,4.022694900921353,6.800600880389718,5.186278392828969,True,False,True,True,False,,False,False,Consumer Discretionary,CCI 101 is over 100,False,False
RCL,Overbought,35.0,281.4100036621094,277.6600036621094,-0.3223305605345672,4.229791414793116,8.978383824966008,59.97124789611281,116.30576148410552,3.5118655041441396,0.5833686494633182,-17.80421910583937,3.615812270287999,5.58010323346716,3.3710692844954204,True,False,True,True,False,,False,False,Consumer Discretionary,CCI 116 is over 100,False,False
