sector,stocks,liquid,uptrend,momentum,pullback,adv,dec,nh,nl,pct20,pct20_5d,pct50,pct50_5d,pct200,pct200_5d,up_pct
Information Technology,74,65,46,29,3,49,25,9,0,64.9,67.6,71.6,66.2,77.0,73.0,70.8
Health Care,60,47,18,3,8,33,26,0,1,31.7,45.0,40.0,58.3,68.3,71.7,38.3
Industrials,81,64,15,10,0,52,29,1,2,48.1,45.7,28.4,18.5,42.0,42.0,23.4
Energy,21,20,4,2,2,15,6,0,0,19.0,4.8,38.1,38.1,71.4,66.7,20.0
Consumer Discretionary,47,40,6,1,1,22,25,0,6,23.4,27.7,14.9,10.6,29.8,25.5,15.0
Communication Services,23,22,3,0,0,12,10,0,4,21.7,21.7,13.0,26.1,34.8,47.8,13.6
Consumer Staples,33,32,2,0,0,21,11,0,1,6.1,18.2,6.1,27.3,27.3,42.4,6.2
Real Estate,30,25,1,1,0,17,13,0,3,3.3,3.3,0.0,0.0,23.3,36.7,4.0
Utilities,31,31,1,0,0,23,8,0,1,6.5,3.2,3.2,3.2,3.2,6.5,3.2
Financials,76,64,2,0,2,36,40,0,3,0.0,7.9,2.6,7.9,44.7,52.6,3.1
Materials,25,22,0,0,0,14,11,0,1,8.0,20.0,4.0,16.0,36.0,44.0,0.0
